Magnitude,Color_Index,Temperature,Class
22.483570765056164,2.199677718293001,4324.821725025618,Spiral
19.308678494144075,1.9623168414563845,4855.481329284482,Spiral
23.23844269050346,1.5298151849600872,4207.5800790000385,Spiral
27.61514928204013,1.176531611147213,4692.03847036096,Elliptical
18.829233126383322,1.849111656806795,3106.3853330462143,Irregular
18.8293152152541,1.6967426927108749,5213.293707372939,Irregular
27.896064077536955,1.9475966100138662,5001.205475362224,Spiral
23.837173645764544,1.8175859008409847,4182.911368931809,Elliptical
17.65262807032524,2.0247763576596673,5659.245668432405,Irregular
22.712800217929825,1.232382394219716,5937.570137626559,Spiral
17.682911535937688,2.158697032817163,3392.440135631026,Irregular
17.671351232148716,1.5987998023461998,4237.275221433786,Irregular
21.20981135783017,2.5376304363126327,4230.857650212702,Elliptical
10.43359877671101,1.155406090955216,4060.0968988911354,Elliptical
11.375410837434837,2.367981901582625,5829.474841931748,Irregular
17.188562353795135,1.598955391731324,4806.1738612271965,Spiral
14.93584439832788,1.1742909981927758,4735.485158689389,Elliptical
21.571236662976368,1.2580570829728392,2996.1376355932466,Irregular
15.459879622393945,1.3398263459028399,5635.418030209226,Elliptical
12.938481493323543,1.7120829732009581,3760.7416051465275,Elliptical
27.32824384460777,1.7614177440177499,5059.9326302663285,Elliptical
18.871118497567323,1.2131499980307106,5277.376937958192,Irregular
20.33764102343962,1.4878227038695087,6360.658595838651,Spiral
12.876259068932717,2.571135179305932,3691.179600880888,Spiral
17.278086377374088,2.3637715850503556,1980.4878441791748,Spiral
20.55461294854933,1.718161834837016,5183.849544753695,Elliptical
14.245032112888486,1.5190017390841002,6800.511181510854,Irregular
21.87849009172836,1.5600156633591307,6238.946352939437,Elliptical
16.996806550405974,1.8067589863652083,5209.659415274626,Spiral
18.541531251033618,0.9886037174007972,4508.363814367953,Spiral
16.991466938853016,1.3713117312883274,5807.12259663731,Irregular
29.261390922544688,0.6657079630612053,4026.4538002955314,Elliptical
19.93251387631033,1.6996115613026397,5476.357769356219,Spiral
14.711445355220498,1.8235979698513705,5505.470159166627,Irregular
24.112724560515943,1.258406768850313,6060.20990749888,Elliptical
13.895781750144888,2.2869933816450163,7759.660038911077,Elliptical
21.044317975023777,0.8871171684988294,5392.4159671787675,Spiral
10.201649380601122,0.7678125598950899,4491.036374292501,Spiral
13.359069755507846,1.612225909279986,4974.425687808006,Elliptical
20.984306179345616,2.023549151306077,3230.924095110882,Elliptical
23.692332899977053,2.3419638457289342,4305.286868910942,Spiral
20.85684140594985,1.2705578685655299,4590.717561886896,Elliptical
19.421758588058797,2.039340416715648,4475.911602065407,Spiral
18.494481522053555,1.4807457652496463,5152.354872033722,Elliptical
12.607390048162863,1.4136863500295902,4177.5800676178,Spiral
16.400778958026457,1.9418299687433362,6121.030667324471,Irregular
17.696806145201062,1.8261614392067098,5000.207064918197,Spiral
25.285611131094576,0.7118039215078753,4990.699678861386,Spiral
21.71809144784231,2.238270174862948,4672.1052834870825,Irregular
11.18479922318633,2.1900456770737255,5155.190683858979,Elliptical
21.620419846973974,1.1872186492452352,5825.098264667635,Irregular
18.074588597918417,1.6979017667187044,4132.8697842891,Spiral
16.615389998470206,1.7470150931413695,4341.883510924743,Elliptical
23.05838144420434,1.6303368829119536,4696.273971223335,Irregular
25.154997612479754,1.2248474230772899,3654.129076526785,Elliptical
24.656400595580994,1.1641883160309743,4180.742140278502,Elliptical
15.803912383886807,1.4872229645042774,4523.779126455341,Irregular
18.453938120743928,2.086364509629682,5874.3891807127275,Elliptical
21.65631715701782,1.7718000772972162,5262.561329001925,Irregular
24.877725635611796,1.314692833956947,5193.589911367544,Spiral
17.60412881077355,1.8858493553241724,5850.897962167972,Elliptical
19.071705116680914,0.07572868968496227,4862.628211600603,Spiral
14.468325129969859,2.0743828501860517,5390.46484992889,Spiral
14.018966879596647,0.6301431106109502,4896.778247067504,Elliptical
24.062629111970992,1.318779529298434,5265.362349399628,Irregular
26.781200142854114,0.9401650526869281,4417.241342388418,Elliptical
19.63994939209833,0.8526592621395471,2561.182841723571,Spiral
25.01766448946012,2.08041339368926,4865.720837813696,Spiral
21.80818012523817,1.2661493993440542,6422.74813609994,Irregular
16.77440122697438,1.673251940865358,5926.2154022415925,Elliptical
21.80697802754207,1.476539710560408,5965.397484591171,Spiral
27.690182832329846,1.7385204136115608,6236.1307218062175,Spiral
19.820869804450243,1.5384109455301276,5088.657590961438,Spiral
27.82321827907003,0.8585038879057152,5197.315707405595,Irregular
6.901274479551278,1.99813340972357,4382.34810456565,Spiral
24.10951252187612,1.2531217084193438,4683.92714397295,Spiral
20.435235341190857,0.7217090506701245,5615.771149771142,Elliptical
18.504963247670663,1.2859424195170437,6203.8844371688165,Elliptical
20.45880388267751,2.250379895317155,4860.553724319,Spiral
10.062155426995536,1.9251108710567464,4549.810735148589,Spiral
18.90164056081244,1.3256739327960705,5000.527958856597,Elliptical
21.78556285755873,1.3253711478407857,5601.206748929115,Irregular
27.38947022370758,1.3391824743913088,3556.145183866458,Irregular
17.40864890863176,2.5383739917804204,2703.8190468627618,Irregular
15.957531985534061,1.6909677261157767,4449.463150508416,Irregular
17.491214782077318,1.7150208235955349,3779.2875740858417,Irregular
24.57701058851037,2.015141727015921,4491.859802352689,Irregular
21.643755548298422,1.6193945795132567,4852.219681182529,Irregular
17.351198981164806,1.3704789270896485,4546.751590976986,Irregular
22.56633716556678,1.4018250754575108,6452.467534470746,Elliptical
20.4853877467402,1.464199370292968,5326.74476460232,Irregular
24.843224952664446,1.481388881745079,5300.474359610828,Irregular
16.489734530613237,1.8638147718184899,5622.207144043402,Irregular
18.361689267011158,1.5259729429036497,3861.166882219231,Spiral
18.039459234339212,1.8663200386077896,6039.111787420268,Elliptical
12.682425259339407,1.4596417099457089,4924.23571346454,Elliptical
21.48060138532288,1.5393175951580453,5670.480617241213,Elliptical
21.305276360899448,0.5008996577339462,3928.1427669598443,Irregular
20.025567283212304,1.9581638373512407,3446.2412339839357,Irregular
18.827064333124266,1.6732442379489965,5817.889658025028,Spiral
12.92314628974793,1.9990050549298262,5376.409526097516,Elliptical
17.896773386173205,0.05187231090315536,4097.94844564249,Irregular
18.286427417366152,2.544187352390364,4130.336918725306,Elliptical
15.988613653891905,1.4302051859224132,6125.43478441477,Spiral
19.193571441669953,2.054091408368758,3810.588107132672,Spiral
22.020254284072692,0.9800470364372346,6642.672953255964,Spiral
29.43092950605265,1.8063869525312848,4099.379265352131,Elliptical
20.872889064159196,0.9732922184131719,5638.391925608383,Irregular
21.28775195361382,1.1881155196520974,4671.381524251015,Irregular
19.627770421169163,2.457015676933393,5603.187431082343,Spiral
10.406143923504793,1.4046587996183266,4455.885997885807,Irregular
19.867430622753915,1.6087164365898614,4837.2070939277055,Spiral
20.301151049705133,1.935033865344377,5040.919175395721,Elliptical
32.316210562426434,1.7478409439863023,3997.8125442185274,Spiral
19.038195176094387,1.5752094525717881,5740.824345420126,Elliptical
21.507736711668063,1.6824805012331128,4486.786433528415,Spiral
19.826441151473784,2.7017077926191373,4771.400084659981,Irregular
14.156609811902339,1.4711906014832072,4005.6506253914877,Irregular
25.714114072575104,1.6005495233574838,2437.6663412046896,Spiral
23.759665163433873,2.025327198003806,4808.972237399831,Irregular
23.955159735215233,2.052762966478992,7412.615421612916,Irregular
15.453062726026305,2.0935151527801903,5784.604287898024,Irregular
27.013971554680495,1.8193651110145923,4980.7396202656055,Elliptical
12.990744686038596,0.9284975436347582,4737.109170791732,Irregular
22.934285469001352,2.3167157661505478,5022.465892812046,Elliptical
30.952278129049894,0.926827303490656,5547.11911517521,Spiral
15.047318374346558,1.6513177326195165,3819.1871846911554,Irregular
17.16851135198614,1.122862074990321,6114.321694668872,Irregular
20.498256825438204,1.4679308267035038,5715.381315441244,Irregular
17.482621729419005,1.6643812051517402,5718.185725707935,Spiral
12.246682844669337,1.6606786077251365,5438.475738809727,Elliptical
20.342814874030136,1.7109603771176425,5019.6166576939895,Elliptical
14.688481431369475,2.3068556345293234,5672.86123596682,Irregular
22.36796215317591,1.72676715075699,5591.814133741378,Spiral
15.402878828830985,1.3779216823546756,4645.9592890589765,Spiral
27.749672025087698,1.9820435841441786,4426.398227103099,Spiral
16.083733538318814,2.09473524446232,5101.856295261987,Spiral
18.38969241897162,0.8861960924315038,6549.020151495188,Spiral
24.067586086848348,1.798700034924929,3760.892924346099,Elliptical
13.845678417830225,1.850586371155449,3532.4747342475603,Elliptical
21.137299673020646,1.351218248320004,5164.760841236517,Elliptical
26.53571377141214,2.18785340665581,5050.887701856018,Irregular
11.962583827193862,1.4249722064837367,5173.341664370409,Spiral
20.92316929266152,1.5627882267357711,5243.9531979085,Irregular
21.299413971242117,1.413464087858065,4776.797745365195,Spiral
23.90911435888655,1.5077895237907337,6489.863438602082,Elliptical
13.81524644560959,0.9518624565523991,3399.0960215234845,Irregular
13.397716934578618,0.7799745587028528,4171.502975219754,Elliptical
22.60970782808449,2.297252531612486,4896.745239850952,Spiral
21.48492336616593,1.076519325840836,3356.8111888458325,Spiral
21.252464251729382,1.0043038252718464,4824.1455955679285,Spiral
21.732241047484877,0.4233049431981426,6661.470165728018,Elliptical
16.599876392107547,1.1805191261552488,5020.8864882959615,Spiral
21.161268485805017,0.8384551032962508,5230.700905718683,Elliptical
21.465362366493405,2.3210075800681844,3739.8352348274198,Irregular
16.42824290986816,2.0049085446713173,4383.638591960523,Spiral
29.328872555723784,1.155924827411138,4624.803619676063,Spiral
22.36916460455894,2.6262179026721544,4682.284903243766,Spiral
14.043482513986756,1.9908827434957972,6281.643795003769,Irregular
23.28276804316915,1.3375843082456889,5557.691060725125,Spiral
15.126591648863393,0.25029714256321345,3888.5420430629683,Elliptical
23.93542301871226,2.645471286295371,5246.504778432005,Elliptical
25.79297789503702,0.805213766618202,5498.221748496785,Spiral
15.896588408241447,0.6773006265215541,6140.149038521266,Spiral
24.81688064622161,2.0112852160048202,6580.5406865683735,Irregular
22.06390463468249,2.7198762031696364,3984.9058081721314,Irregular
24.11030079997245,2.192136409255259,4189.142488789662,Irregular
29.483964913269737,1.78195456002618,3742.422141085384,Spiral
18.773059419985646,1.797377170832643,4765.980140893019,Irregular
16.23131917821255,1.926707779390154,5466.358374446335,Irregular
15.552427851872384,1.8794642948933826,5987.334516589102,Elliptical
15.920948575172808,1.640595711984688,4924.048976357477,Irregular
19.614491452929478,1.552100551975938,4680.152476745156,Elliptical
21.70575987408322,1.468703436050239,5151.75799224874,Elliptical
21.383453996650097,1.123017705566662,4164.857098369977,Irregular
24.13591624518012,1.359662461566613,7089.538721694773,Elliptical
20.065009459389536,0.6535215929023073,3392.338972881941,Spiral
27.267670385786584,1.450830186602625,5184.740578895725,Spiral
18.67671583381022,1.0057044464245413,7023.6062192296395,Irregular
33.600845832948096,0.9482053413921145,5006.799844559998,Spiral
23.12833673882503,1.5899470755767393,4809.960964998506,Elliptical
15.714212217918586,2.1960011431722997,4642.554577189573,Spiral
14.645537509694439,1.9591583030011566,4819.608318237592,Irregular
22.412362076215928,0.7147496981884115,6372.84847467653,Irregular
18.882686073370746,1.0051859317148313,2788.1380886704933,Elliptical
23.57000247046046,1.970385593994108,6533.433701296326,Irregular
22.366188122867726,1.0087563032308453,3576.0428475498547,Spiral
19.635855436715637,1.3876834250014878,4733.3476707655855,Irregular
15.766031409657975,1.775026049512276,4570.755579701338,Elliptical
12.425763876570677,1.0158277725681824,5588.553269770719,Irregular
17.767425239664895,1.55268775307298,3401.8756481162527,Spiral
24.28199397161736,0.8329872525408978,5462.172666081943,Elliptical
21.07046872065102,1.199316178024393,7024.309623286852,Spiral
13.77130610644006,1.6598909670712685,3636.8259954071896,Elliptical
20.86590462925591,0.7035031332341654,5189.706167610396,Irregular
21.926586898644185,1.7202373689801995,4338.017822203391,Elliptical
15.580712818994336,1.4901811005366594,5425.887206193036,Elliptical
20.76862552972764,1.7762449772085738,5019.147777415752,Irregular
20.29104359223,1.6119570670323307,4358.51309095569,Spiral
14.285148510846884,2.182070214986922,5487.872284871074,Irregular
21.788936801741418,1.5626122513239535,6804.348109786743,Elliptical
22.80392263184117,1.2852972294373735,4809.096208272701,Irregular
25.415256215876383,1.561148751516142,5719.757942148182,Elliptical
25.269010260174515,1.771649014518194,3706.7270421288363,Irregular
13.111653160214544,1.5244300351628521,4043.5636231819913,Irregular
15.310874800424386,1.520295845601941,5472.406277880377,Spiral
22.5751763360433,1.1490041560966224,6484.116028535965,Elliptical
22.568929754561044,1.168549541224526,5355.61334878566,Spiral
22.575238431530238,0.7986973641001532,4686.941969476846,Elliptical
39.26365745327361,2.3747883715934694,4999.291405423354,Irregular
22.854452553465833,0.8780683823043575,3749.592266030282,Elliptical
25.677828200902994,1.1535474011020463,5604.515326355367,Spiral
24.770008817466014,1.1407963672154013,5882.333062323409,Spiral
23.25695625652899,1.9474621884722207,4547.9096671669195,Spiral
18.42365377679827,1.352525160853986,4529.957852240498,Elliptical
23.794846102466337,2.123871036336867,5265.8782296520485,Spiral
16.13587392731214,1.1632546878780659,4563.280263959405,Spiral
18.815906966299956,1.639497081111901,4933.8673853741775,Spiral
17.573182260854484,1.0823264733701214,7099.721789166515,Irregular
20.409370696931614,2.572574563886694,4752.974299254003,Irregular
31.573292833367542,0.9062007904852436,4641.659847978778,Elliptical
10.66367403704126,1.6549103551135138,4352.458194364841,Elliptical
23.43130095187257,1.8168884404660492,5744.191971499937,Spiral
11.936420644051742,1.7068995487257492,4818.775826781897,Irregular
17.640340671052833,1.407356170561146,4350.626961678574,Spiral
25.444752984836832,1.4350896501332868,6321.304032273012,Spiral
20.321400095477316,1.5219057359895547,6419.603004513638,Irregular
14.611276110353469,1.4264989991857557,4399.576434261295,Irregular
16.42348145370016,1.9819395583974548,3133.460048639384,Irregular
23.39798874467338,2.6052615007956756,6007.513689836922,Elliptical
16.34816684141432,1.2212541074960832,4315.370174239996,Elliptical
21.082292947909874,0.8150985102104611,5790.625599162769,Spiral
20.22785919951907,1.4558589758243725,3029.8961822881647,Elliptical
16.741998261970913,2.789854668827159,5892.597338299309,Irregular
30.719720446626628,1.0981627160151346,3788.828070719219,Irregular
23.169595111590056,2.3195584027220337,5730.7641190665245,Elliptical
9.874287066711965,2.3388504070382203,5014.273067836434,Spiral
20.93227157384714,1.2232058791460028,4046.060580603355,Spiral
16.69106767615806,1.7844915395926377,4592.963687073219,Elliptical
24.26216667398112,2.314198311564269,5686.318456956701,Spiral
16.037396307836495,1.3104361295062565,5105.894453115235,Spiral
19.426317792665504,1.398209819948819,5584.412980472484,Spiral
22.524936394902287,1.209159543025678,6976.440584515485,Irregular
24.328775970850607,0.9926216346535666,3435.7583882889485,Irregular
13.998517964721119,1.1753612274669964,6617.212574968624,Elliptical
18.327493820795258,0.8880298666188717,5104.355937523213,Irregular
17.62527344419522,1.517041734129613,4101.215951676872,Spiral
16.73335383713144,1.115013384470679,3669.6863742610103,Irregular
28.827271201405484,1.616892955895374,4810.879609222967,Elliptical
22.024908554804778,0.7220521768981863,5921.650111924459,Irregular
13.695580228324774,1.6654401161072285,4872.450879622465,Spiral
24.58930973527388,1.9167644808044624,6511.154930247348,Spiral
30.610780985063165,0.5031321787142723,3548.824309948441,Elliptical
25.162326302755734,1.687028284923786,4987.911052153945,Irregular
12.403150170229933,2.113834496236646,3747.606555586881,Irregular
17.578829635668743,0.8951794906543973,5363.631882624968,Irregular
26.334555745933113,2.336286193418852,5886.8873900973,Spiral
16.461652671906094,1.7095095046830227,4579.238206318947,Elliptical
22.219097140731144,1.1474940721207956,2395.786143372866,Irregular
23.873170267146683,1.4721154611711469,5198.948146796494,Spiral
15.365347642109585,1.7791634562608611,5436.73855173351,Spiral
19.702373219691,1.5380026957062058,5404.294754961697,Spiral
3.793663299654636,1.7693779962231846,6235.782191822154,Irregular
14.878061793328552,1.0396632034603168,3928.9463203509513,Irregular
18.7371592430342,1.5846804120180389,5680.2161054504495,Irregular
13.761084090175753,0.7931427515475099,6192.507512477975,Irregular
28.162056519658176,1.44438696932565,3221.412415993483,Irregular
12.849293110196836,1.048046179267605,5319.651825918977,Irregular
17.799777566515083,1.1322350287051166,4495.820168992328,Irregular
20.653702886430455,2.118046587605219,4918.4773268983545,Irregular
27.206366445330577,2.0456550602971344,5347.6764835383365,Irregular
12.820689244102804,1.8045690604535884,4512.771435886448,Spiral
25.815818760774796,0.9538436176637105,4324.291920838388,Irregular
20.051165305097935,1.341795775152599,5034.152417488024,Elliptical
15.092456744760245,2.1065488499895917,3912.7540611371974,Spiral
22.310517371316354,1.5708584568199524,3914.174871114815,Irregular
20.99529847786735,2.6596647699908473,5679.373282956503,Elliptical
16.998915614206027,1.696658919697186,3851.205964841344,Irregular
20.349010424950094,1.5960245582450159,5666.312500909212,Elliptical
18.0734320156912,1.3454417678987494,5462.591292853951,Elliptical
20.56758672625624,1.5667704523911412,3274.193271209403,Elliptical
23.310653372605234,1.423765081809728,4322.435347664345,Elliptical
27.93008408072676,1.8540543383442953,6194.109403047372,Spiral
13.810922505865754,1.9783511583972921,4018.8344688603183,Spiral
30.665166873281333,1.1070052697460253,4535.595737690613,Elliptical
10.239561002387491,0.834383523221111,5462.060893251896,Irregular
19.241074524822082,0.5818973134483517,5783.390509282595,Elliptical
22.941586032422883,1.753995663456272,4748.4611139555045,Spiral
21.404959338675162,0.9483166969130632,4402.489805308358,Irregular
16.88650240089703,0.42355470352375857,6422.3698616985075,Spiral
18.959388748213623,1.6942893022654821,6738.899663797579,Spiral
17.534995326705836,2.7464997587163955,5978.858050781795,Irregular
17.053176215278942,1.4969645442300534,5085.318142565024,Elliptical
24.248010485105123,1.9192453872258208,4191.734278359074,Elliptical
21.785077429825236,1.5409146792737825,4169.555593443435,Elliptical
16.535452023696728,1.4505551734044286,5522.514105265757,Elliptical
24.497999377166252,1.9595382414938842,5418.398220888684,Irregular
21.536497604383047,1.3548627279056744,6401.59859294643,Irregular
24.0643105941948,1.6336961570359514,5650.450092536139,Irregular
23.14814420961806,1.6608489030980067,3496.919698240182,Spiral
15.855024945389639,1.1659547731784756,6051.947617722919,Irregular
17.199094799015153,1.9960211747682615,4001.939372685587,Elliptical
23.736468025616308,1.4125201216522956,4616.028728047649,Spiral
23.051851327167324,1.1221274202535776,5250.200206251695,Elliptical
19.89549203017926,1.7682549217852017,6995.667489783964,Elliptical
20.58663691654391,1.0507660091044815,8109.918556005361,Irregular
26.388324478942124,1.5140905786845642,5606.723059136183,Irregular
17.04214305582085,1.4954405016778982,4816.803381279612,Elliptical
22.735486905850188,2.042947782915789,5534.50564848055,Elliptical
18.98903673783053,1.7373491164399764,5887.655425873836,Spiral
18.9115939838639,1.4874865206274281,4679.332374442808,Irregular
25.49388425993595,1.9088831496001435,6795.211355912323,Spiral
24.12708174494015,2.195103774508657,5230.070759191402,Spiral
24.067548180003193,1.778905153175931,5497.743089091395,Spiral
26.527394035771646,1.5051763099216904,5665.924252054461,Elliptical
20.105019208163796,0.8440818838249202,5421.586610614456,Spiral
23.40976485647482,0.9674431684623137,5838.940500469612,Spiral
18.44866621703272,1.347387647822666,4382.746813453077,Elliptical
21.62083176244221,1.1952438989203584,4441.698246053969,Irregular
19.349284728161578,1.406514348507277,3899.845767028305,Irregular
20.48497982496359,1.5283249624485535,5439.501230620226,Spiral
22.97578512718457,1.7648463771783653,5778.936503512114,Elliptical
15.908896583832638,1.4647506109704544,5457.772866151886,Irregular
30.461936378427303,1.7432508219131009,6674.492433347537,Spiral
14.96991309250149,1.53223720740506,4994.403981170954,Spiral
13.92905693606134,0.5122667168230643,5668.741655592513,Elliptical
25.790554367500338,1.0303323030906228,3908.2991238606855,Spiral
23.95831346981468,1.4279562221391924,4612.900297525599,Irregular
23.120599085260775,0.8951526285794462,5695.537757565778,Elliptical
23.1417275463214,1.7999643649981023,5849.102110743144,Irregular
19.938766135765427,2.2653754161718487,4706.033052335818,Irregular
15.513728142570843,2.1093809258486584,4928.400748141933,Irregular
20.37902279096863,1.393278564534896,3482.1262533191903,Spiral
16.61419144243944,2.245363068424976,4642.970799193391,Spiral
24.875598667088756,1.5743337286010557,5890.383163519786,Irregular
19.264713092489306,1.3314570144409803,5575.205016106566,Irregular
15.872514016037442,1.1932986682295301,5500.66572138121,Elliptical
18.393070791735035,1.3487651567559358,5049.77368718096,Elliptical
22.06465727137812,1.3059115907293857,5007.063158628176,Spiral
17.181377235980126,1.5852081111877439,4339.678860526553,Spiral
15.888898022167844,1.5802869905249324,5698.828420202535,Elliptical
21.218436057459563,1.5015230100767072,5420.97294438939,Irregular
21.224832855543614,1.718469084873175,5492.018847992799,Spiral
17.46528412314435,2.0953231373931707,4473.96515733242,Irregular
17.644808471908387,1.974777067720662,2846.6570801287558,Elliptical
21.16024968678818,0.7575510157750482,6097.152711753695,Spiral
12.759578292513378,0.2230394325490226,4521.162543991596,Spiral
12.962681128117223,1.9671599556196369,4137.224235956879,Elliptical
16.40777889373782,0.8165606507922895,5693.478911913993,Spiral
18.932764241440765,1.3876172990536582,4607.9873600808705,Elliptical
21.554537827990025,0.9149434869703202,6059.936384046622,Spiral
27.376781084747762,0.5990097812099902,5617.005949576697,Elliptical
24.288298116010097,1.770731364102394,5683.569323200478,Spiral
19.200307350182864,1.8795775801513235,3634.044288799466,Irregular
19.904918960486555,1.2117447996366404,6211.9439853864005,Irregular
14.987353176810956,0.20447885392754506,5261.250531233856,Irregular
19.90743432003805,1.2268777758737586,4630.722860753797,Spiral
18.55670680539931,1.6959020027012732,5143.388467342251,Spiral
21.613592801690448,0.7605442156129356,3223.7647671016803,Irregular
15.863845282238385,1.5916799598895779,5408.652811480671,Irregular
22.596732571205862,1.4923450754135021,3970.6284918179285,Elliptical
27.66369456501289,1.7896457498005442,3647.3297141564653,Elliptical
19.456199257715713,1.5597901842070767,3477.640813782109,Elliptical
22.008558610494706,1.0134655295592223,6112.688374989925,Irregular
23.450719958555563,2.098285750832246,4370.736606307211,Irregular
17.993897640570818,1.420735213486515,6533.727709916499,Irregular
21.120462409052084,1.486347730245034,4464.198536947702,Elliptical
20.062962003908975,1.033366020463402,3292.642042407053,Spiral
20.48838049274416,1.278358874404245,3883.475560051341,Irregular
16.13495108072267,1.0575986429865496,6235.811620006939,Spiral
20.122550871294713,1.4135269700382884,4844.101822063332,Spiral
22.489991456227248,2.3558542400711717,4451.712703509399,Spiral
27.25571803897521,0.8140494285343218,5160.0182258527875,Elliptical
24.796354130426035,0.6932193010616294,5501.782736167545,Spiral
30.765912287557782,2.235585163746804,6117.398815902461,Irregular
16.163262185559752,1.395338161424067,6448.499229892926,Elliptical
24.361603183603393,1.1654636306700417,4640.231354210914,Irregular
20.91671002869176,2.019952343698038,3673.952313917962,Irregular
30.94901466608836,1.1971922301315678,4586.534838876724,Elliptical
15.958508573224243,2.413004856773468,5260.280506582886,Irregular
15.80139078909612,1.8389629356696346,4036.2410737893892,Irregular
17.00303677277989,1.2560442959271487,4042.8490851049573,Elliptical
9.380521378450965,2.5786541066327517,5343.787881549885,Irregular
17.371224891596196,1.1971425384983307,4951.347648429549,Spiral
16.20433669223151,1.8710476860046534,5032.796995411586,Irregular
20.75196893238104,1.649646290203246,4241.504665299931,Spiral
21.708779878885796,2.150870644699399,4769.599285794233,Irregular
29.380854196079433,2.2807555983634265,4075.7668557316956,Elliptical
24.75211919093025,1.5160020745328833,5890.198411124787,Elliptical
17.115481721687985,1.1232910648269083,6035.249334723752,Irregular
15.50792664325821,1.7299860714695583,3153.8121377619063,Elliptical
22.459595857532527,1.1611423151239468,4070.4891398075897,Irregular
13.398833964896788,2.5066936237633115,3503.470744909921,Elliptical
29.15729382927177,1.5682676655413688,4349.976065593102,Spiral
25.897200603606436,1.3173392243439457,4916.5620302096395,Irregular
17.654121739476476,1.5923401529324541,3550.35478030147,Spiral
11.434327354545612,0.8264368552351518,4078.140186874687,Spiral
26.769361870827062,1.0141929807446743,3996.0426279185012,Irregular
19.42730077373691,2.100206953972213,5207.267329398944,Spiral
26.189081559867308,1.1715528605143022,5069.34433703625,Irregular
12.027861706028165,0.9765445086590302,4278.262446662747,Spiral
17.003124885231134,1.768326376263643,5176.820872139398,Irregular
20.026218498590914,2.0928520773314983,4453.319915412734,Irregular
20.23490296882371,1.8594766553325335,4728.344889673946,Elliptical
17.74967264260378,1.9980238429029082,6673.452090298537,Irregular
23.114249661737492,1.1216024557152697,6340.4610517903475,Irregular
14.661897853087028,0.7890946666290781,3700.4187630724023,Spiral
19.288102574893532,2.2506668259777434,5829.732417879174,Irregular
20.601478158559495,1.3386600805789322,5811.396554491592,Elliptical
22.572194170293745,1.3745834917724764,3851.7367112473817,Spiral
23.55807439044445,2.164097070924529,5818.777643754861,Spiral
14.376789540810654,1.77811500470033,6537.9319184125525,Elliptical
12.329429146321889,1.7279438860408038,3877.455193755586,Spiral
26.388384109492545,2.582501172450542,4082.4971789857364,Spiral
21.661570059897958,1.1782408848099286,6017.661466843502,Spiral
16.25756731721723,1.9639200640406185,5271.495310825648,Spiral
27.755759877612615,1.5285065624485423,5551.476275239524,Elliptical
20.578373171464293,1.6342961394316284,5340.589216400496,Elliptical
25.896485920319133,2.264234213206266,5390.695920928144,Spiral
20.337592407050543,1.753917878144812,3673.527871688917,Spiral
30.303739624409936,1.7691480395248165,6047.317706621448,Elliptical
28.77670421221602,2.036253668654901,6169.589992427774,Elliptical
18.75517925760463,1.3175236352285573,4770.609255931972,Elliptical
24.85785475477178,1.0803951663304967,4956.523050186138,Spiral
23.226879747925736,0.9775954029894832,3468.892497444278,Spiral
26.843157787661745,0.5168217053119991,5514.254756017835,Irregular
15.175382697099478,2.528103564970161,5572.057441714144,Elliptical
23.430257299992196,0.9483958171391584,4937.808983000689,Spiral
25.29212243424794,1.389373188207114,6124.353359870503,Elliptical
11.206302567884428,1.3615933500555397,4665.92276902006,Spiral
14.083707436671125,1.6537033489045503,5564.6059258936,Elliptical
9.803839111199498,1.9078686062696484,3980.3356613078845,Spiral
18.652965827777212,1.9302367441798727,4976.447849125762,Irregular
23.58771127897981,1.2084612807155308,4825.645742097164,Irregular
27.51178526048014,1.4164391431067942,5225.307922040942,Elliptical
20.370473902098876,1.6412899752441499,4630.473071166642,Spiral
28.143077727856458,1.3756544369082264,4868.5274043283325,Spiral
13.099492708925542,2.3036727880099965,5826.047171441506,Elliptical
11.483087803224226,1.7454874758191257,4563.235762761782,Spiral
19.722261505516904,1.8674388930249086,3393.4228992613207,Elliptical
21.920327244696537,1.8314406343337064,6749.58390420542,Spiral
19.836526259529535,2.0867369287426625,6381.454078690486,Elliptical
9.662789499800617,1.5905107793518534,3707.7373048943814,Spiral
19.55439980243606,0.8515840260220767,5689.707805245194,Elliptical
13.477652497475734,1.6998439758763209,4497.025229448657,Spiral
23.348362744150194,1.1743215531040856,5263.48721533106,Irregular
21.83299123048424,1.2356916591251217,5294.224129013493,Spiral
15.300601068363225,1.7931820093775466,4765.592199683678,Elliptical
17.430665413316532,2.119141535716818,4216.234334413603,Irregular
14.703932390555241,1.5106357883680308,4309.458947683741,Spiral
19.68660451363414,1.6544165062994818,4083.808084518758,Irregular
24.775711602506192,2.351107472317619,4168.177791769555,Spiral
15.071369768322281,1.6203765897442841,4932.821709950645,Irregular
22.520232577589223,2.800841557090197,4284.240010889248,Elliptical
17.348711908137794,1.7827548228157721,5682.05206571262,Spiral
16.03563583868828,0.6196186204220911,6487.246155335927,Spiral
19.464848200227213,1.8766708105522663,4419.946758629957,Elliptical
14.823788387903129,1.6905791924413889,5239.404500535377,Irregular
17.23175347326409,2.144876377041373,5499.685110302934,Elliptical
14.010610537055758,1.8365906756349792,5472.002270919274,Elliptical
29.823625664581947,1.430772008008113,5075.955267916087,Irregular
20.176317759858645,0.8878508818553171,5742.682418359723,Elliptical
16.50137246003707,1.3954883713569874,5482.248952680658,Spiral
21.06989955367111,1.07473977289535,3762.337577672702,Spiral
19.43835975154585,1.2097382750976386,5869.1560643892735,Spiral
18.895152002333884,1.7942892022103047,5887.2908372667425,Elliptical
23.070833500217127,2.334952252175703,4236.713895821418,Spiral
23.787538550236526,1.6973357649114906,5037.937835447602,Spiral
17.34749426194736,0.9020584689824078,5683.32899281107,Spiral
17.1209087967766,1.7223013341100704,4790.686180420638,Spiral
18.62474151424178,2.0983157433228254,6072.9780477660115,Spiral
8.490394176322075,1.195108547840309,7363.872494619361,Spiral
12.42404468900724,1.4329914166635411,4214.013967365017,Elliptical
26.834371337222624,1.5073440973645986,3618.955396846225,Spiral
28.224838567506417,1.1075508434588799,5303.818595604876,Spiral
18.75481980221811,1.8241402169219296,5721.562505126143,Irregular
22.882784815278832,1.4395259256961093,4769.1336261552315,Elliptical
21.556250772717682,1.709766221953514,6453.260663321034,Elliptical
35.39440404227619,1.05625391109895,3661.3942002767512,Elliptical
25.597874557172883,1.2812708498382948,5692.918623031611,Elliptical
19.360412042596167,1.8611906789138857,4394.139179241107,Spiral
15.222297796997871,1.3135834239541164,6719.377906207297,Spiral
11.967768398712138,2.3634819256167026,6992.515353168118,Irregular
21.017318179336115,1.3001819071926988,4233.343412216652,Irregular
16.218246273578483,1.612342362875943,4450.44286409142,Elliptical
12.88873145201163,1.9662954159365449,5859.587886979802,Irregular
16.767135578787368,0.7908171335334842,4612.869350210485,Irregular
14.592259981928025,0.6195955940096121,4954.588782067762,Elliptical
28.435708175362823,0.7371718427149526,5025.38842054241,Elliptical
24.408198784747253,2.131292051713591,3080.326843802344,Irregular
19.960136793416915,1.2240709270537766,4986.162253905763,Spiral
27.39972069445013,2.779099642834126,4310.272225935826,Irregular
20.38684153823809,1.2178762006713058,4506.877177600228,Irregular
15.693578993358681,1.5922756515985186,6443.632003468814,Spiral
27.615620386348287,2.2710549762839376,3743.4931057207436,Spiral
22.694550218423295,2.5030464440795615,5813.205186747977,Elliptical
14.813769228367718,2.5307517883181987,4721.037069668191,Elliptical
19.04830660958196,2.1041831152965713,4720.2398315041655,Irregular
15.621908733076214,2.0120312629057313,5790.371896051712,Spiral
13.08600134517832,1.7962634746005914,5340.051294568891,Elliptical
24.630887737658206,1.8891805380833189,5570.612997219531,Irregular
29.547083202350652,1.2244071418357332,5968.184660532861,Spiral
13.007162130904295,1.0909005582888465,4668.691616816677,Irregular
22.814846183452854,1.498312771294524,4387.76326549225,Elliptical
16.746787154390866,1.4149076887375358,3914.849473442202,Elliptical
17.56437308117652,1.2733859753363623,4174.589470021045,Spiral
17.038030378805654,1.8481937237283577,7949.0944253087255,Irregular
15.68004615160092,1.9776526042852554,6244.679580736787,Spiral
20.242608139724133,1.5442034431459237,3648.9256337919787,Elliptical
15.84524941794481,2.238765040527631,3677.5420432564297,Elliptical
21.352284128899193,0.9291554429332475,5481.866061718491,Irregular
19.748809452754315,1.403170270360141,5547.264797377967,Irregular
18.80525976566795,1.1415888396985976,5548.883835317364,Irregular
15.462181689792011,0.56673169146347,4745.044206446302,Spiral
17.116143347158335,1.4586596570786503,4874.5457399971,Irregular
23.77695612912878,1.4391262458083582,5327.879524159357,Irregular
22.504585938121902,2.2567248716210653,5085.8930062933305,Elliptical
15.112223776007244,1.8154058422773889,2780.699627252465,Elliptical
20.49666152714613,0.9879065878353975,4770.200369424806,Irregular
23.756935616858947,2.427046283167094,4148.593565739687,Irregular
11.652973594393142,2.1105168477626766,5175.211418908512,Elliptical
22.716800961899676,1.791048851734308,7985.25900260341,Irregular
16.686881205270765,1.386757950575084,5367.4816654743045,Spiral
22.852993342965796,1.0202803816382602,4686.470313827602,Spiral
16.183704217287417,1.3138966119644735,5921.801501977252,Spiral
10.975589496677404,2.044374309852093,5482.687887209213,Irregular
11.862287810584187,2.4422931529673044,5420.094490451841,Elliptical
20.24042473330691,2.2716217641360945,5606.850593215671,Irregular
21.29861250860741,1.255575289106863,7056.5435648295415,Irregular
15.478416874477958,0.9401912833554944,3869.1115646740845,Elliptical
23.19296229388687,1.570443123455602,5473.632076811455,Elliptical
11.6923996886552,0.6157803172185742,4073.6188700184616,Elliptical
19.66960100676342,1.6615838570923906,5555.512646342248,Spiral
13.944919001187717,1.4261987068506656,4081.3134885139057,Irregular
16.740819460989204,1.2669817490658788,4582.633186394915,Elliptical
20.23699335658207,0.7026484663666023,4704.910085762093,Irregular
15.697933173580239,1.7568000532848582,5975.816719344709,Spiral
18.077222278850872,1.2336495801690444,5918.4544439424135,Spiral
25.0314640460722,0.915041582144856,3754.282623553616,Elliptical
17.115540652384254,0.06386889335917534,5054.934110999849,Elliptical
24.17846056032571,1.4862425474746819,4290.420145250828,Irregular
14.35146572671191,2.386125798334872,3741.4950893246655,Elliptical
22.649020889576413,2.330629607273935,4782.982949575629,Irregular
27.207843103289502,1.2714518717068641,4691.51721154418,Elliptical
7.6417774993635526,1.1988939698191097,7426.716486345522,Irregular
16.015523722647615,1.7343871280375118,5432.959825360696,Irregular
22.8853606359027,1.0008072804058543,3622.382499245763,Irregular
18.984773069785035,1.6508959499097329,4435.225995829058,Irregular
21.855729366856544,1.883040139192345,6021.3832954293985,Spiral
16.980074066420897,2.1134666119421537,7088.442772869925,Irregular
20.4329489373645,1.4499229617600236,3414.016687762042,Elliptical
19.221613823039604,1.398163124911517,3120.0756148609553,Spiral
25.838910308299035,1.0610087066217195,6870.965175371783,Spiral
21.272104216506065,1.08655982298007,5389.614177370904,Irregular
21.68801331037601,1.3867605540492367,4131.707268123633,Spiral
17.940615169387662,1.683682753408089,5534.629086122435,Irregular
17.561968879637533,1.9567923131166247,2364.252260983122,Elliptical
17.837209060901895,1.0984105246598275,5003.375506597161,Irregular
21.972260711891483,2.2463442844797608,5327.821172843085,Spiral
17.895077595898684,1.3644381994787156,5924.27013953783,Elliptical
21.448874284482066,1.489316352825782,3986.104047707462,Irregular
30.377003993227195,1.1263941604260883,5085.687161403359,Elliptical
24.355623517158463,0.2878798698635292,4074.5753739404126,Elliptical
18.369882339160796,1.9420226981805249,5255.383755674317,Spiral
26.006069610819722,1.8684219485462168,4104.653677636976,Elliptical
17.959623134892244,1.3593362214408933,4591.899160839779,Spiral
9.80937732411073,1.533495358612436,4004.184605209771,Elliptical
14.95956844541298,1.7579696088520498,5651.136241823657,Irregular
10.646040394870722,0.7187270715567287,5858.451116656665,Elliptical
18.24243257979346,1.2354736613268527,4765.379430042586,Irregular
20.092091895947757,1.8971323398109137,5038.237994960028,Irregular
28.382186561376415,0.8728552884153753,3551.4085853664556,Elliptical
21.634636868820813,1.6467789660833145,4700.323351993213,Irregular
18.90449735595568,0.8217090976882975,4949.795382958255,Elliptical
24.147027905917447,1.7332149912167631,7620.793091029975,Elliptical
8.944323454960575,1.4821792588512581,3888.0329742258364,Irregular
21.178072790542828,0.6924340920472453,6464.177238752438,Irregular
23.854325969434832,2.0823696772285856,5996.858773465808,Spiral
12.607068771100792,1.1327042116009753,5280.636404490137,Irregular
25.718770216034645,1.0948737814928096,6758.620484195133,Spiral
21.69248203747207,1.6002845986154715,5372.105472606863,Irregular
17.923560430495993,2.0743186747143576,5389.1591956679285,Elliptical
23.163909330531425,0.9920890905108015,4946.879346982455,Irregular
31.35346428902198,1.530839924923986,6223.568882418627,Elliptical
20.909331275292477,1.7144082501652864,6096.469233810883,Elliptical
21.24110293150168,1.846552803631572,4374.322712503787,Elliptical
17.70319550229878,1.5882207776386126,3680.7528054012328,Spiral
15.750778152676041,1.316486080458339,4797.019362604343,Irregular
24.151679082721227,1.0862048896756402,4199.961435602354,Elliptical
15.719580870455664,1.5430719415231873,4936.475425384645,Elliptical
20.357831186096963,0.9639304940071965,6237.438134684139,Spiral
17.611712766174417,0.039324758252696324,4542.69834491321,Irregular
22.39489912873196,1.718279902078834,4957.176618688425,Irregular
21.66831052643474,1.9519674205430977,5058.022734808395,Spiral
25.187699721289498,0.3185337822290808,5848.430882205284,Spiral
17.449918005726264,0.9951346476450312,2753.1106660153946,Irregular
18.650625323533145,1.809577130502599,4393.299705234704,Spiral
15.106181421088463,2.528747734855849,5211.283692279473,Irregular
17.77853369961944,1.510396853837704,6200.078956426862,Irregular
21.88650246522426,1.1359985293854327,4508.097552493795,Elliptical
23.78494308322676,1.40855177944758,3123.447293958126,Elliptical
15.389173379111874,2.1874382095740925,5619.711445966136,Irregular
24.3480296005283,1.1770179104377323,4364.63761117437,Irregular
26.778189294024756,1.1004039966748733,3810.3333409096385,Irregular
22.067174516118506,1.2586282389089838,4375.654610286776,Irregular
29.38397906279033,1.0233356958706439,4815.47464234415,Irregular
16.131054004482134,1.5613351579973977,4395.255335461788,Irregular
13.776726483442914,2.31233922923478,2794.433942900931,Spiral
11.106398755478606,1.6615396365580146,5897.066196887132,Irregular
27.480221557445915,1.3738232489368563,6274.875041278722,Spiral
23.27182828177029,1.354094365542228,5651.521991339506,Spiral
19.722076645447725,0.7184045956516715,3862.3143295751834,Irregular
21.399843131599102,1.9415548885735796,4798.508466052482,Irregular
14.372554763508116,1.4610814014935989,4993.478684770542,Spiral
32.228759898084135,1.4097600432046873,5598.79438956191,Spiral
20.646105909876137,3.09655378392243,5668.34048871808,Irregular
20.546973973024464,1.649376454182843,4265.826201221505,Irregular
23.62883311949346,1.1241044749524078,5081.995556413561,Spiral
22.405046158683568,1.2868212018972283,5457.280404615241,Spiral
21.119420121395656,2.0742228545983776,6455.822322146767,Spiral
16.04762772277344,1.5566352052688823,5704.506539824723,Elliptical
22.357341785679978,0.7808610108413166,5789.056687375519,Spiral
29.41012248237517,1.9596144672876017,5083.826627929361,Elliptical
26.727100230774887,1.165927957230503,6410.459145203504,Irregular
27.965933133196984,2.4366488881087727,5409.762795959497,Irregular
17.443921617844076,2.0400240328573243,4138.91208982643,Spiral
15.051975898707095,1.2763390521706244,6403.369970125191,Irregular
19.37106539950176,2.1405081808675566,5697.903272539028,Irregular
20.278624561443472,1.5339277552637016,4556.955978871518,Irregular
25.470957592354743,1.9263868375611097,4520.507032600756,Irregular
11.537676851425903,1.7423664086472375,5296.575545140762,Elliptical
27.64775159730307,1.0768216725045632,5463.184795267584,Elliptical
19.209960507105052,1.178225083841269,5197.292265631207,Spiral
17.8655946502629,2.0149804087905805,5311.308673442885,Spiral
14.939478123699162,1.3326123339467295,6699.957374576381,Spiral
11.725716640671154,1.2981757683790016,6071.543152234885,Irregular
24.115852919809573,1.0224387103253236,5190.635591265024,Irregular
20.36658983594202,1.7117995327967306,5941.310580767484,Elliptical
13.55019550129473,2.5312624596215727,3967.4760964724605,Elliptical
13.52460613968192,0.9662335428728636,5397.927049946809,Spiral
18.32107650354936,1.5121097283363791,6809.30634973311,Elliptical
28.345107626446964,2.2061102777077144,4781.9541046076265,Elliptical
18.702043243181976,1.4601793043771425,4152.366071380915,Elliptical
12.48428523440947,1.726185898124867,4347.911111406939,Elliptical
18.77128467957028,0.9688032359265601,3910.3669626576116,Elliptical
18.636382151261646,1.7141535486038242,4215.2380918722965,Spiral
6.515566785292142,1.4064278674977255,4629.491901409971,Spiral
19.72852566741094,1.9928649978399315,3594.432980821358,Elliptical
18.84532734895661,2.0936930257823754,5015.618333949603,Spiral
23.48103182406709,2.794781821009307,5902.277173786647,Irregular
29.244780474726724,1.7898165866067879,4092.2438198530795,Elliptical
25.632825147738785,1.6628981582910831,6519.2839236417685,Irregular
18.655556547225846,1.597192150788668,5510.792088527594,Spiral
14.467370456291649,1.3234168535946558,6030.580585624057,Spiral
32.8667990162493,1.6692419217308456,4342.165446147863,Irregular
20.29609217007244,1.3522992949304853,5854.525227066616,Spiral
20.06964645956473,1.584230488134807,3908.066099604687,Elliptical
19.879374564449982,2.15879876780398,5890.247500836509,Irregular
20.990423803839274,0.9967287173601794,5171.8393397935315,Elliptical
19.278197940380288,2.0699392805645225,5553.251219984783,Irregular
17.131689965598817,2.1585575336699327,3824.4053943751483,Spiral
17.26570529379804,1.4409657365044606,4104.9301577233955,Irregular
19.836233648920008,0.4390725504957027,5597.2282182533845,Irregular
17.282876144331176,1.1960890064527838,4051.651995775799,Elliptical
16.435771086614178,2.1484972732805545,5463.206292099123,Spiral
20.532151138459483,1.488565968850559,3632.862193539754,Elliptical
18.725113912895722,1.0003488838525447,5848.174212666669,Spiral
27.519964942913443,1.2476125393858912,3767.4766852314906,Elliptical
6.745150958034941,1.9203100132522766,5552.299937679523,Irregular
25.45753425961231,1.7733667841006897,5625.630933646001,Elliptical
26.230425962488145,1.3805339504151528,4303.2281815704255,Spiral
9.633048837959253,1.3165877940926562,5582.026567084727,Spiral
18.286562029598258,1.304120925478089,5260.442263333556,Irregular
18.142795670021044,1.0387949077507488,4461.158143807262,Spiral
12.962441526410894,2.307687844734721,3991.445315923792,Elliptical
16.110916562045624,1.33883976539433,3037.374308327421,Irregular
14.447120772670857,2.108579260412748,5349.650047299694,Spiral
28.761352217118116,2.2606580259612254,3435.197228637945,Spiral
24.678391965737305,1.9991554490739802,5095.344199441308,Elliptical
26.357775474970794,1.2841898436409758,4736.551783917751,Elliptical
23.608360320216175,1.7018650451683048,5679.142775438196,Irregular
14.354741143913854,1.4879021968045418,4697.954500510135,Spiral
17.37739866860113,1.048149069634936,4670.552213652909,Elliptical
22.44687280613959,1.6621796408608014,5731.870704288295,Irregular
13.889360955540273,0.9104801044200987,5335.058029084117,Spiral
23.56499215086194,2.0938396942307818,5316.155957182778,Spiral
18.798373009209325,1.2676913513508035,5469.267589808526,Irregular
18.125895962252013,1.6005798279364196,3464.4278767928945,Irregular
23.554799841017456,1.641643935773071,5756.788679986982,Elliptical
22.2213165574302,1.3705475131479614,5612.468794013603,Spiral
18.1951691709046,1.7933469007376375,3983.3168714235026,Spiral
25.79664901682124,1.2625481716887377,4755.919526325799,Spiral
14.594683362000513,1.935648648728622,4960.692712372369,Irregular
23.07967803472132,0.8270101598766257,4865.503215598267,Elliptical
22.96550628984192,1.5631897897732059,5333.859966568534,Spiral
18.452267803430047,2.4694644995291424,6431.366781831183,Irregular
21.63066511121059,0.9998343376972126,6081.766727672829,Spiral
13.744432118073485,1.1611275147375744,3687.780806568594,Elliptical
24.620135096034506,1.7569539248294574,5622.069990306049,Spiral
19.075489317785056,1.589790890969799,6328.933319535409,Elliptical
17.386384897404803,1.6753150496367797,5386.808520689203,Elliptical
25.245046129184445,1.7445935650738318,6090.980425185967,Spiral
16.478281547286205,1.8173607342808848,7012.270445700765,Spiral
12.957693518182202,2.0548499209781115,6023.709546106981,Elliptical
12.216854132380481,1.7049093284642562,5249.308595641729,Irregular
23.030049756728197,1.3793711726907287,6045.088474084753,Elliptical
13.597853237518585,1.8362868506013656,5144.887833096891,Spiral
28.77397090992182,2.449940967447608,5023.903043284956,Spiral
9.59035296058139,1.4336831268087131,4648.5857642862675,Irregular
28.48228184145019,1.0127353476646792,6563.413358832108,Elliptical
21.05508733601309,2.053540334643486,4181.571334057999,Elliptical
19.516434440648037,1.4398094180232008,6532.367724678116,Elliptical
17.275404565955252,0.4136652269929819,5499.864123740372,Spiral
21.995680571760353,1.9237108385752109,3600.693825198058,Elliptical
19.81182648787576,1.2323359070230386,5367.649292991422,Irregular
25.516509410082605,1.4547333588479197,2899.973492348376,Spiral
20.571138243310198,1.6659901652845073,5625.508016831036,Spiral
20.75150880730939,1.5952498398895332,5885.231482988991,Elliptical
18.18193893893072,1.8547259085695198,4407.644044347946,Irregular
19.715271881394663,1.2822568147150784,5123.547695955583,Spiral
21.539008844460295,1.7565528990880415,6954.157433750286,Spiral
11.449158036716872,1.3702266612080414,4494.253295738064,Elliptical
13.259072889471435,1.8694052404437516,3941.0924129433997,Elliptical
23.716320470113576,1.8076837420065268,6481.663402462598,Irregular
20.854327190639708,1.0322806489777023,6962.587190530795,Elliptical
19.080083318236603,2.042991058087516,5003.695671847848,Irregular
20.092169665326967,1.232018277442976,6011.4630354083565,Spiral
21.737908526808354,1.9040288991405725,6341.475915530881,Irregular
17.301201598453193,1.6836436567006703,4257.515767461616,Irregular
16.108476372988438,2.419091838397561,4514.694164632132,Irregular
20.979226275488408,1.3882670088140738,6230.874513154735,Spiral
15.10813611192484,1.3253416019409012,6685.01427870851,Elliptical
22.041263778572358,1.4902901970561337,5562.880860174355,Spiral
11.487081978810798,1.3484101085828624,4120.1856464979455,Elliptical
25.14577818662822,1.899970950971025,6987.061111699441,Irregular
22.362987412065216,0.691844695781706,4469.029102188036,Irregular
21.28014867156938,0.973158790426823,4664.862218828548,Irregular
24.91345491972757,0.9660985392104035,5342.337834489622,Irregular
28.32737222231288,1.9751537959867878,6554.160420714774,Irregular
25.07185032509065,2.3553066862909624,5853.975976552224,Elliptical
10.795628843341774,1.4477753907312643,5414.865500361911,Elliptical
13.602115166321493,1.4155891384049948,5463.288530118106,Irregular
16.875907111521606,1.5350260815565906,5043.514668643466,Spiral
20.13045525105417,2.0809391513040953,5558.139514518506,Spiral
22.588295102345615,1.0363234329047128,2470.439922305697,Irregular
16.371280934232672,1.6191844913673925,4703.392540930202,Elliptical
20.93383382238539,1.987598814891215,5241.321934916781,Spiral
16.22308533823339,1.7505470849699227,3848.985916380493,Spiral
16.942410985040258,1.5947908082993716,5386.32331781156,Spiral
12.966694515758888,2.0005230462835706,4795.528779013878,Irregular
15.383833769445479,0.1483838535003814,6755.47569831549,Spiral
13.241576971918331,1.8389376597654539,6573.019725214856,Spiral
15.120633735113337,1.1729621584362881,4534.194430881837,Spiral
25.268208983039198,0.5846835515717715,4849.162288433305,Spiral
15.253005555840286,1.7556012997624904,4926.052434391608,Elliptical
33.161910324186955,2.1868292725814786,4548.3405238403775,Irregular
22.466589504404446,1.431275742686154,5195.024984028127,Irregular
20.92418061847437,1.9764372736014695,4241.71793111241,Elliptical
15.708211099093933,2.3061391289943227,3869.3846650624737,Elliptical
23.501549397044958,2.157457226792024,5622.711223900269,Irregular
17.12181086881113,2.3199822646856965,5629.529584221811,Spiral
20.610049073226808,1.8710637455359462,4195.684240340008,Spiral
32.800422691343975,1.5377168194507964,5895.3554307626,Irregular
19.51970050137675,0.6990170940514158,4368.422270834669,Spiral
25.74636663142838,1.3769687559350257,5253.165238037981,Elliptical
16.48411787437056,1.0783767023419042,5820.344012612456,Spiral
19.82505754751519,2.585471358748907,4966.387435296287,Spiral
28.85400317817755,1.4120570937838317,5454.740912141135,Spiral
16.865164711061162,1.5616024033922429,4483.570356112428,Irregular
29.062242789984644,1.7757426880202338,4803.533416571903,Elliptical
23.538759677277376,1.5218012231862268,4794.14056911966,Spiral
17.18766612052866,2.3475255202153766,4253.421653459761,Irregular
23.162038695277605,1.188675319132774,4823.225836884218,Spiral
24.86277224813365,1.5973037276186213,3451.3817011362535,Elliptical
23.10904981108598,1.1287647071509759,4508.846252857896,Spiral
12.148876400547717,0.8399887443896471,4715.124506630329,Elliptical
16.364314120875658,1.1941154545473573,4743.82024750462,Spiral
18.762406822242475,1.4814816014757939,4758.502554129222,Elliptical
19.62783285449977,1.2853488877413701,4938.235800139871,Spiral
23.103360487753392,1.153789510063072,5479.441518086064,Elliptical
20.888505004666268,0.7968412681640831,5874.517074132523,Spiral
13.323278206449494,1.4584472136856526,4350.234773151733,Spiral
21.900989255029817,0.7476398129844989,3796.7991446108554,Irregular
23.052928726419115,1.8800279818448014,3957.9555877568973,Irregular
22.7989522396552,1.5412198764672516,4512.7970788050725,Elliptical
25.403903627773108,0.7712242502675347,4648.078682183491,Spiral
24.16961077274452,1.3453954614750683,4230.003933802543,Elliptical
22.295900396142184,1.1239217972047084,3703.8833357501053,Irregular
19.649171442706766,1.6595872552095903,4543.879172525812,Elliptical
11.695195332420043,2.170225223011572,5181.426620113972,Elliptical
22.148091095662927,0.5624137651771277,5595.029465835565,Irregular
21.038438435815557,1.5575130395737087,4442.576946891679,Spiral
21.357894185976868,1.4199336022166797,4587.002177856566,Elliptical
13.616257120898453,1.835670038225233,4073.3016911526893,Irregular
14.594717297958688,1.6065983141188447,4968.560829625224,Spiral
25.26576426666452,1.1240153341305905,4151.571365809185,Irregular
19.802224230716725,1.340473032166691,5573.1278132412,Elliptical
23.40750348686312,1.1019870715982556,3214.133508065889,Spiral
20.141591880652307,2.038003569299299,4640.370327547537,Spiral
20.148780697478728,1.5106558243359711,5301.107339191742,Irregular
24.691419029879988,2.450595342876504,5183.834516322504,Irregular
17.41977635891313,1.4696695930926895,7693.033663980496,Irregular
20.480603884704916,1.1457966165447686,5349.800024567908,Spiral
17.688623556474788,0.7431428036935864,3995.94540315799,Spiral
17.82751886283842,0.5984301618720275,4904.535752910927,Elliptical
18.454139382656802,0.7079320284972551,3223.7536665335483,Spiral
21.110668858168566,1.6335633255057418,4919.400250703239,Elliptical
17.606256891682612,1.7543625116149668,4166.943942999242,Irregular
26.278780627867604,0.7094046489839333,5915.390275560162,Irregular
15.526963488902481,1.9475191570380577,4450.459725404465,Spiral
19.065641779193204,1.2584694741582803,4883.234084204753,Irregular
17.801344708629124,1.5733965059927746,4364.442158595597,Irregular
27.234889421768663,2.306110314127712,6738.851351853331,Spiral
20.982773882557872,1.948419657932766,4678.757233882088,Elliptical
25.159222697343175,1.3657346760470839,6832.557043479202,Spiral
12.57219813481514,1.0544038872923562,5814.151762118267,Elliptical
21.335251329346296,0.42409229933534753,5482.0667273353865,Spiral
24.448153978117183,1.14042334037879,5368.73314731752,Spiral
20.41141994637712,1.3944348805861528,5393.797298216252,Irregular
25.327401875326757,1.006410236424408,3072.32742065439,Spiral
17.41355774949814,1.4343715164538478,4721.116605849244,Spiral
27.0467372009279,1.5384259414793842,5845.1579711843215,Elliptical
31.49449061809625,1.3875720090959607,4951.102816525894,Irregular
18.185807197801704,1.1749987095882701,3594.810153196425,Elliptical
17.77248739299614,1.5843273359833638,4947.595549422531,Elliptical
27.266922385588504,1.7209703247847046,6704.105516255491,Irregular
27.897860728653562,0.954800461278577,6246.891715534719,Irregular
17.385699864233658,2.205466189873135,4937.995990633968,Irregular
17.899065914520712,1.4507059338578692,5951.449277058086,Spiral
18.591076955697464,1.5094248114724238,4633.492979631948,Irregular
13.277747444828615,1.8541072116282786,3296.128413173281,Irregular
15.406740267579009,1.6166080656317507,4075.5340118704457,Irregular
14.97929616623966,1.9765683169566226,6562.888768508197,Elliptical
16.161012174479357,1.643562082600912,4726.006918170696,Elliptical
19.826575563066093,1.1937813126797812,4756.6160206249815,Spiral
21.171073662682602,1.6807517626030508,4700.161803725119,Elliptical
27.752502464070385,0.9281368963396691,6904.136589573007,Spiral
15.008229796306045,1.5542798528882615,6625.958915362064,Elliptical
24.921611992382918,1.4833850046777697,7218.780233448134,Irregular
18.930055778872454,1.3959415713637302,4840.9547895999485,Elliptical
19.752681451737836,1.4357312442805346,5295.624488747095,Spiral
23.37409746083302,0.5590754772511805,3483.357450579209,Elliptical
14.386389892188507,1.2256375461295193,6476.934426118274,Irregular
21.912048730920255,1.5464224505705573,3832.220448732065,Spiral
20.83226104106528,1.5799281959987002,5216.775563762629,Irregular
22.462256320040744,0.9861624295370209,3902.697472367156,Irregular
21.44584321953909,2.1328539204323502,4411.133173261303,Spiral
32.276500699554475,1.0669125758927496,4162.7375689503,Irregular
16.81130007874342,1.9847286002633684,4392.124739324182,Irregular
17.345015224990913,1.7135971809358423,4460.877296851021,Elliptical
16.88429736787618,1.1768863450780984,4451.731205074923,Irregular
17.222614404198726,2.387655446304756,5833.333911780307,Irregular
16.81306436346741,0.90318158412176,3895.13720693748,Irregular
25.94508265553776,1.9595770868050009,5220.541427013867,Irregular
27.102521239949276,2.000291159021489,6217.959152305559,Spiral
17.14626853125262,1.1646898954616776,4486.8036354866035,Elliptical
15.838222134478857,2.1962326500321643,4282.081109252398,Irregular
22.35707778193202,1.3749767427005235,4769.475374819749,Irregular
17.238884778595143,1.6443468146399285,6179.72520836071,Spiral
23.164659088777555,1.6301609193856104,5194.107630953357,Irregular
21.0146151042565,1.432845629264726,4468.785705392402,Spiral
12.42127942501384,1.905404136579891,5483.876651188039,Elliptical
27.737526006650306,1.8967443602761065,3897.707850163577,Elliptical
28.97938836547761,0.6257340133809096,5681.359510442948,Irregular
16.93605654757807,2.1521701214390765,5408.607307701767,Irregular
18.061492200320078,0.6687540059821628,4692.191528861116,Irregular
21.429326953624525,2.0162731021708287,4161.414201552769,Spiral
21.672283949935125,2.0633525684137917,4113.319077716543,Irregular
23.29272136336415,0.9545167848924009,5534.81733634591,Irregular
30.051022693831747,1.2945928560227076,6228.980502489062,Elliptical
19.11526386252975,0.9471476657570321,4362.692252971206,Irregular
16.00851377730773,1.3925394848556323,5458.386703551484,Elliptical
13.103403859927365,1.3459828579071293,2912.972981397931,Irregular
16.345349800290403,1.88983026613467,4415.3822693428,Elliptical
19.834365135631014,2.155154373059804,4968.941067129098,Irregular
28.97278931758894,2.197841905394978,4090.3165830181665,Elliptical
17.411943504819142,1.218915986710849,4063.493625210404,Spiral
21.118939758194493,1.3953890631277361,4332.220443531114,Elliptical
19.91788551963624,0.6582809038895249,5292.192728326373,Elliptical
25.94196636724042,1.0970649667519057,4812.670981593626,Elliptical
32.63466212936811,1.9824258165487287,2761.768766675028,Irregular
17.345656135398396,2.307791411774116,2879.2998473649336,Irregular
17.55280278740889,0.882825564060039,4393.134822142824,Irregular
25.22080438534536,1.2037678704235528,5457.686586053552,Spiral
23.40945744813156,1.4867971215205364,2252.4951572747655,Spiral
29.23353662868017,1.6400805794098035,4500.269823848369,Elliptical
22.919640926629818,1.0951982400391769,4473.7521434825785,Spiral
18.203539546064704,1.7120305222320449,6388.337778208448,Elliptical
22.953274153461546,1.263080326464542,4614.978188287137,Elliptical
25.543517902914537,1.4927738645608604,5382.988984740929,Elliptical
24.102410905986822,1.7731421240018497,5141.257140087463,Spiral
22.53637015553649,1.5032111349054689,2869.4335201927993,Irregular
25.333373447945768,1.2818070547367157,5768.2072166317375,Spiral
25.846477952228362,1.4451950980370847,5215.396505456288,Elliptical
26.910794955187637,1.4558185203973324,5508.268639674589,Elliptical
23.243549437948214,1.3149944850589361,8926.237706436326,Spiral
19.164409598415727,1.3706019686664488,2915.8870605014117,Elliptical
20.733568432166614,2.2993235852523584,6724.696649761108,Elliptical
26.032544832541785,1.7804597239706195,4712.552480599645,Spiral
15.91532164506382,1.3522598409854198,5287.328904403009,Spiral
21.843366544364507,1.848477202255368,4954.487754698758,Spiral
18.033305938363196,1.333090255121995,4575.763666601956,Elliptical
20.143724114674086,2.0865623187933204,4430.1670717612415,Elliptical
26.392259313036494,1.6848210960990468,5329.508735573009,Irregular
20.955495340099517,1.4463489279978856,3482.826303328321,Irregular
20.232182740780743,1.7238584629051388,5750.579167521766,Spiral
13.200719295100404,0.7145619239657504,4583.805595114746,Irregular
23.731267830136105,0.9366162655450974,3869.9306609596424,Elliptical
23.227420905705376,0.9030374968004723,4549.987142004186,Irregular
30.8162736165273,1.5714715473818535,6257.149216862573,Elliptical
18.461108825234994,2.366257499742546,4464.664912983777,Spiral
21.095751638319694,2.615650073096316,5358.45361820962,Spiral
21.246918418553776,1.8190255507203785,4269.043724284526,Elliptical
27.887266398817374,1.7504222374722285,5757.921849923619,Irregular
19.523522338065238,0.5994711329236305,5685.507738790204,Spiral
21.395107628851697,1.228663100132989,6848.608833296412,Spiral
23.039482548582697,1.1061081240458805,4824.436054500785,Irregular
20.93304561578179,1.189576200874442,5668.654804757906,Irregular
17.767831927247357,1.4159280907076053,5098.067539538944,Elliptical
20.97044996449154,1.2639547111514364,6295.871781863014,Irregular
25.36815874929886,0.5103500948121061,4281.167612391269,Irregular
14.8674235029447,1.873955128058767,5745.0053128772815,Irregular
20.66484837073438,0.9636284871300967,4805.302703883318,Elliptical
16.499395925304135,1.6196234320555747,4935.811822891502,Elliptical
25.975233144624212,2.5370413348749867,5091.752484448373,Spiral
12.384065476081126,1.0403077042067883,5252.240396426678,Elliptical
17.205390763642058,0.23485623862683513,4883.770956878042,Spiral
21.886059375322603,1.3569978890599446,5214.7131831705265,Irregular
27.827620146171704,2.0504798174992853,6578.118057562185,Spiral
19.67124869463506,2.4791737271102967,5985.449685615218,Spiral
17.22400236653401,0.8852252027737916,5869.154592496897,Irregular
29.40578534720295,1.7483496116182609,4544.460473976129,Spiral
12.75993049791878,1.2673447716099733,4110.759171771676,Elliptical
9.005970216899591,1.4470258228479322,5955.300558237753,Elliptical
22.20007225026666,2.8221716735085174,5876.046792529794,Elliptical
17.489728878236946,0.7485148358024234,6472.670675750982,Elliptical
14.893835914346434,1.6268698307472866,4396.01937403077,Spiral
23.541782236496765,1.7338465858827166,4770.451344639653,Spiral
21.219003568855996,2.0428931624696736,3360.515837474566,Irregular
17.179606846316357,1.5489915767354476,4607.528893939127,Spiral
13.598478006645529,1.6540252697520512,5996.570510579448,Spiral
24.362286641400722,1.3041757162891043,4533.504620771802,Spiral
23.251005889793305,1.6345634706225536,5640.479795200824,Irregular
19.504120681103085,1.3284038622512948,4809.496894002189,Elliptical
29.233184980238327,1.8107859449280255,5324.05702822156,Spiral
14.649576168369236,1.315194831978183,3852.308610184333,Irregular
12.372374145376305,1.6885501969510932,5085.209449633901,Irregular
16.540459650593778,1.485368593157511,2008.8640290992766,Irregular
19.77206991822251,2.0630251253860843,4813.103841838015,Elliptical
21.21669724661346,1.474303138205757,3369.52675628486,Spiral
18.79381971071835,0.6134837658965593,6205.994516546816,Irregular
21.760276982571483,2.130960750356996,5777.407352764511,Elliptical
13.74230287904778,1.0471338495686906,5466.670981966081,Irregular
27.218823020366298,1.1731168306755901,6521.00622715938,Irregular
19.589244108037157,1.202169352978254,4051.0834791751627,Irregular
25.586479157940637,2.1872190465854087,6747.363197915558,Irregular
21.71362673188852,0.43216289301065225,5932.191564260384,Irregular
22.283766095768918,3.068874266829997,4763.444712781054,Elliptical
22.84883640116102,2.0280284045330257,6135.6201471829445,Spiral
22.238542800086574,1.6116194570645799,3893.7064875883657,Spiral
23.21361379933772,1.4725529996918567,4175.485838472327,Spiral
26.645762650662157,1.6427770374288284,4391.4102767603,Spiral
20.98260584850735,1.7605612141896692,4471.022291935985,Elliptical
23.54501878794256,1.8226077929750284,3943.4423572397473,Elliptical
19.551321528563868,1.7778022330017242,6223.0830670953255,Elliptical
27.200586077247365,1.5447903406276244,4741.145599630168,Irregular
16.61803848970365,1.401330789846337,5352.5049683568795,Irregular
29.00470216455408,1.4243633581732442,4429.648633586319,Irregular
19.799210246778284,1.4025458598236595,3179.396699451483,Spiral
12.84612448940976,2.0668850484335324,5270.057358391422,Irregular
20.640522074553946,1.7967783611404309,3087.745024580223,Spiral
16.594741712625595,0.02980568266785988,4931.365953914531,Irregular
24.203217744943622,1.8279503882648804,3631.6849611671896,Spiral
16.736880103488044,1.5973680973593873,6987.275999230808,Irregular
17.769082833926102,1.4906456217770514,5911.362722174722,Irregular
10.552296345272346,1.305740773455557,5105.753791271481,Elliptical
17.738468403754617,2.0620563599930066,6263.706677654669,Irregular
7.880603366855217,1.973763231061429,4153.684022534264,Irregular
12.080485882571384,1.1135611660881954,5543.479378670093,Elliptical
23.802073280721487,1.7035261435622675,5199.810433718713,Spiral
23.92900079325416,1.014171632729357,5264.02008133367,Elliptical
22.127287808924823,0.8101909176055347,6272.353500106768,Elliptical
15.165119284353935,1.1866413877050175,5732.492102779803,Spiral
19.7614432192901,1.9311967361913793,5288.723662825023,Irregular
19.981987304547157,1.9765625226880434,3345.112563771704,Spiral
14.208176554037287,1.7565427100486466,4039.9537047205363,Irregular
27.51699150883575,1.8625478934239985,4877.291066404276,Irregular
24.386811452878355,1.7580891435574793,5093.3723742766515,Spiral
18.89517913085168,1.1792592023885238,3869.7962753260763,Elliptical
20.134429194972654,1.7159612723369704,7411.676675578421,Spiral
21.04191403973776,1.9002047626138412,6516.394055253573,Irregular
9.791325657878547,1.877145664906787,5602.118320392484,Spiral
18.764113087397014,2.0944566857373212,5072.036861283745,Spiral
16.590078760011007,1.854151923600532,4787.791030098849,Irregular
14.991899950525422,1.6757241037707915,4048.0815399777644,Elliptical
18.594498535570224,2.035075119158214,5077.4805185188625,Spiral
28.988432634247612,1.4867393703754699,5257.752540142751,Irregular
23.20421430633505,1.059062674386141,3758.239424518376,Irregular
17.144105051086015,1.418466518028118,5334.1764172448975,Spiral
22.862913906780793,1.1275486775967756,4844.740951175251,Elliptical
